trade_date,trade_month,bond_rate
4-Jan-16,1,1.98
5-Jan-16,1,1.98
6-Jan-16,1,1.99
7-Jan-16,1,1.95
8-Jan-16,1,2
11-Jan-16,1,1.98
12-Jan-16,1,2
13-Jan-16,1,1.99
14-Jan-16,1,1.95
15-Jan-16,1,1.95
18-Jan-16,1,1.93
19-Jan-16,1,1.94
20-Jan-16,1,1.9
21-Jan-16,1,1.93
22-Jan-16,1,1.95
25-Jan-16,1,1.95
27-Jan-16,1,1.94
28-Jan-16,1,1.93
29-Jan-16,1,1.89
1-Feb-16,2,1.88
2-Feb-16,2,1.88
3-Feb-16,2,1.81
4-Feb-16,2,1.86
5-Feb-16,2,1.85
8-Feb-16,2,1.87
9-Feb-16,2,1.75
10-Feb-16,2,1.76
11-Feb-16,2,1.75
12-Feb-16,2,1.79
15-Feb-16,2,1.86
16-Feb-16,2,1.88
17-Feb-16,2,1.85
18-Feb-16,2,1.87
19-Feb-16,2,1.81
22-Feb-16,2,1.83
23-Feb-16,2,1.8
24-Feb-16,2,1.79
25-Feb-16,2,1.78
26-Feb-16,2,1.76
29-Feb-16,2,1.77
1-Mar-16,3,1.73
2-Mar-16,3,1.84
3-Mar-16,3,1.91
4-Mar-16,3,1.92
7-Mar-16,3,1.95
8-Mar-16,3,1.95
9-Mar-16,3,1.97
10-Mar-16,3,1.96
11-Mar-16,3,2.02
14-Mar-16,3,2.06
15-Mar-16,3,2.02
16-Mar-16,3,2.01
17-Mar-16,3,1.93
18-Mar-16,3,1.94
21-Mar-16,3,1.94
22-Mar-16,3,1.97
23-Mar-16,3,2
24-Mar-16,3,1.97
29-Mar-16,3,1.96
30-Mar-16,3,1.9
31-Mar-16,3,1.89
1-Apr-16,4,1.94
4-Apr-16,4,1.88
5-Apr-16,4,1.87
6-Apr-16,4,1.87
7-Apr-16,4,1.87
8-Apr-16,4,1.84
11-Apr-16,4,1.85
12-Apr-16,4,1.9
13-Apr-16,4,1.93
14-Apr-16,4,1.97
15-Apr-16,4,2.01
18-Apr-16,4,1.96
19-Apr-16,4,2.01
20-Apr-16,4,1.99
21-Apr-16,4,2.02
22-Apr-16,4,2.05
26-Apr-16,4,2.05
27-Apr-16,4,1.94
28-Apr-16,4,1.87
29-Apr-16,4,1.86
2-May-16,5,1.87
3-May-16,5,1.74
4-May-16,5,1.72
5-May-16,5,1.69
6-May-16,5,1.58
9-May-16,5,1.58
10-May-16,5,1.59
11-May-16,5,1.6
12-May-16,5,1.58
13-May-16,5,1.59
16-May-16,5,1.57
17-May-16,5,1.64
18-May-16,5,1.62
19-May-16,5,1.65
20-May-16,5,1.63
23-May-16,5,1.65
24-May-16,5,1.63
25-May-16,5,1.65
26-May-16,5,1.63
27-May-16,5,1.62
30-May-16,5,1.65
31-May-16,5,1.67
1-Jun-16,6,1.68
2-Jun-16,6,1.65
3-Jun-16,6,1.64
6-Jun-16,6,1.58
7-Jun-16,6,1.66
8-Jun-16,6,1.63
9-Jun-16,6,1.61
10-Jun-16,6,1.64
14-Jun-16,6,1.61
15-Jun-16,6,1.6
16-Jun-16,6,1.55
17-Jun-16,6,1.6
20-Jun-16,6,1.63
21-Jun-16,6,1.67
22-Jun-16,6,1.71
23-Jun-16,6,1.73
24-Jun-16,6,1.55
27-Jun-16,6,1.59
28-Jun-16,6,1.56
29-Jun-16,6,1.59
30-Jun-16,6,1.59
1-Jul-16,7,1.56
4-Jul-16,7,1.61
5-Jul-16,7,1.59
6-Jul-16,7,1.56
7-Jul-16,7,1.56
8-Jul-16,7,1.58
11-Jul-16,7,1.6
12-Jul-16,7,1.63
13-Jul-16,7,1.63
14-Jul-16,7,1.62
15-Jul-16,7,1.62
18-Jul-16,7,1.61
19-Jul-16,7,1.56
20-Jul-16,7,1.55
21-Jul-16,7,1.53
22-Jul-16,7,1.52
25-Jul-16,7,1.53
26-Jul-16,7,1.55
27-Jul-16,7,1.58
28-Jul-16,7,1.53
29-Jul-16,7,1.51
1-Aug-16,8,1.48
2-Aug-16,8,1.43
3-Aug-16,8,1.47
4-Aug-16,8,1.48
5-Aug-16,8,1.47
8-Aug-16,8,1.49
9-Aug-16,8,1.47
10-Aug-16,8,1.43
11-Aug-16,8,1.43
12-Aug-16,8,1.46
15-Aug-16,8,1.43
16-Aug-16,8,1.42
17-Aug-16,8,1.44
18-Aug-16,8,1.42
19-Aug-16,8,1.41
22-Aug-16,8,1.44
23-Aug-16,8,1.41
24-Aug-16,8,1.41
25-Aug-16,8,1.42
26-Aug-16,8,1.43
29-Aug-16,8,1.46
30-Aug-16,8,1.45
31-Aug-16,8,1.44
1-Sep-16,9,1.46
2-Sep-16,9,1.48
5-Sep-16,9,1.49
6-Sep-16,9,1.5
7-Sep-16,9,1.47
8-Sep-16,9,1.51
9-Sep-16,9,1.55
12-Sep-16,9,1.59
13-Sep-16,9,1.58
14-Sep-16,9,1.59
15-Sep-16,9,1.59
16-Sep-16,9,1.58
19-Sep-16,9,1.62
20-Sep-16,9,1.63
21-Sep-16,9,1.62
22-Sep-16,9,1.59
23-Sep-16,9,1.61
26-Sep-16,9,1.6
27-Sep-16,9,1.61
28-Sep-16,9,1.58
29-Sep-16,9,1.59
30-Sep-16,9,1.55
3-Oct-16,10,1.57
4-Oct-16,10,1.6
5-Oct-16,10,1.63
6-Oct-16,10,1.65
7-Oct-16,10,1.67
10-Oct-16,10,1.68
11-Oct-16,10,1.7
12-Oct-16,10,1.74
13-Oct-16,10,1.71
14-Oct-16,10,1.73
17-Oct-16,10,1.73
18-Oct-16,10,1.73
19-Oct-16,10,1.71
20-Oct-16,10,1.65
21-Oct-16,10,1.66
24-Oct-16,10,1.64
25-Oct-16,10,1.66
26-Oct-16,10,1.69
27-Oct-16,10,1.69
28-Oct-16,10,1.68
31-Oct-16,10,1.65
1-Nov-16,11,1.68
2-Nov-16,11,1.64
3-Nov-16,11,1.63
4-Nov-16,11,1.65
7-Nov-16,11,1.66
8-Nov-16,11,1.66
9-Nov-16,11,1.57
10-Nov-16,11,1.68
11-Nov-16,11,1.71
14-Nov-16,11,1.76
15-Nov-16,11,1.77
16-Nov-16,11,1.76
17-Nov-16,11,1.72
18-Nov-16,11,1.75
21-Nov-16,11,1.75
22-Nov-16,11,1.74
23-Nov-16,11,1.75
24-Nov-16,11,1.79
25-Nov-16,11,1.79
28-Nov-16,11,1.76
29-Nov-16,11,1.78
30-Nov-16,11,1.78
1-Dec-16,12,1.81
2-Dec-16,12,1.83
5-Dec-16,12,1.8
6-Dec-16,12,1.81
7-Dec-16,12,1.77
8-Dec-16,12,1.76
9-Dec-16,12,1.8
12-Dec-16,12,1.82
13-Dec-16,12,1.81
14-Dec-16,12,1.79
15-Dec-16,12,1.85
16-Dec-16,12,1.83
19-Dec-16,12,1.88
20-Dec-16,12,1.9
21-Dec-16,12,1.91
22-Dec-16,12,1.92
23-Dec-16,12,1.95
28-Dec-16,12,1.95
29-Dec-16,12,1.89
30-Dec-16,12,1.86
3-Jan-17,1,1.86
4-Jan-17,1,1.89
5-Jan-17,1,1.85
6-Jan-17,1,1.82
9-Jan-17,1,1.87
10-Jan-17,1,1.83
11-Jan-17,1,1.83
12-Jan-17,1,1.8
13-Jan-17,1,1.83
16-Jan-17,1,1.83
17-Jan-17,1,1.84
18-Jan-17,1,1.84
19-Jan-17,1,1.86
20-Jan-17,1,1.87
23-Jan-17,1,1.85
24-Jan-17,1,1.81
25-Jan-17,1,1.81
27-Jan-17,1,1.81
30-Jan-17,1,1.79
31-Jan-17,1,1.77
1-Feb-17,2,1.79
2-Feb-17,2,1.81
3-Feb-17,2,1.83
6-Feb-17,2,1.81
7-Feb-17,2,1.79
8-Feb-17,2,1.79
9-Feb-17,2,1.76
10-Feb-17,2,1.8
13-Feb-17,2,1.79
14-Feb-17,2,1.81
15-Feb-17,2,1.84
16-Feb-17,2,1.83
17-Feb-17,2,1.84
20-Feb-17,2,1.81
21-Feb-17,2,1.83
22-Feb-17,2,1.84
23-Feb-17,2,1.81
24-Feb-17,2,1.78
27-Feb-17,2,1.79
28-Feb-17,2,1.79
1-Mar-17,3,1.82
2-Mar-17,3,1.81
3-Mar-17,3,1.81
6-Mar-17,3,1.83
7-Mar-17,3,1.84
8-Mar-17,3,1.87
9-Mar-17,3,1.89
10-Mar-17,3,1.91
13-Mar-17,3,1.9
14-Mar-17,3,1.87
15-Mar-17,3,1.88
16-Mar-17,3,1.82
17-Mar-17,3,1.82
20-Mar-17,3,1.8
21-Mar-17,3,1.79
22-Mar-17,3,1.79
23-Mar-17,3,1.77
24-Mar-17,3,1.76
27-Mar-17,3,1.74
28-Mar-17,3,1.74
29-Mar-17,3,1.76
30-Mar-17,3,1.75
31-Mar-17,3,1.76
3-Apr-17,4,1.74
4-Apr-17,4,1.72
5-Apr-17,4,1.71
6-Apr-17,4,1.69
7-Apr-17,4,1.66
10-Apr-17,4,1.66
11-Apr-17,4,1.67
12-Apr-17,4,1.65
13-Apr-17,4,1.64
18-Apr-17,4,1.64
19-Apr-17,4,1.63
20-Apr-17,4,1.65
21-Apr-17,4,1.66
24-Apr-17,4,1.67
26-Apr-17,4,1.71
27-Apr-17,4,1.69
28-Apr-17,4,1.67
1-May-17,5,1.68
2-May-17,5,1.69
3-May-17,5,1.68
4-May-17,5,1.73
5-May-17,5,1.73
8-May-17,5,1.74
9-May-17,5,1.75
10-May-17,5,1.72
11-May-17,5,1.7
12-May-17,5,1.69
15-May-17,5,1.67
16-May-17,5,1.67
17-May-17,5,1.64
18-May-17,5,1.65
19-May-17,5,1.63
22-May-17,5,1.63
23-May-17,5,1.62
24-May-17,5,1.63
25-May-17,5,1.6
26-May-17,5,1.58
29-May-17,5,1.59
30-May-17,5,1.58
31-May-17,5,1.56
1-Jun-17,6,1.57
2-Jun-17,6,1.59
5-Jun-17,6,1.59
6-Jun-17,6,1.57
7-Jun-17,6,1.61
8-Jun-17,6,1.62
9-Jun-17,6,1.63
13-Jun-17,6,1.63
14-Jun-17,6,1.64
15-Jun-17,6,1.66
16-Jun-17,6,1.69
19-Jun-17,6,1.7
20-Jun-17,6,1.71
21-Jun-17,6,1.69
22-Jun-17,6,1.68
23-Jun-17,6,1.68
26-Jun-17,6,1.69
27-Jun-17,6,1.67
28-Jun-17,6,1.72
29-Jun-17,6,1.73
30-Jun-17,6,1.78
3-Jul-17,7,1.78
4-Jul-17,7,1.73
5-Jul-17,7,1.74
6-Jul-17,7,1.75
7-Jul-17,7,1.79
10-Jul-17,7,1.79
11-Jul-17,7,1.81
12-Jul-17,7,1.8
13-Jul-17,7,1.77
14-Jul-17,7,1.78
17-Jul-17,7,1.79
18-Jul-17,7,1.85
19-Jul-17,7,1.84
20-Jul-17,7,1.85
21-Jul-17,7,1.78
24-Jul-17,7,1.76
25-Jul-17,7,1.77
26-Jul-17,7,1.78
27-Jul-17,7,1.76
28-Jul-17,7,1.76
31-Jul-17,7,1.74
1-Aug-17,8,1.76
2-Aug-17,8,1.75
3-Aug-17,8,1.74
4-Aug-17,8,1.73
7-Aug-17,8,1.74
8-Aug-17,8,1.74
9-Aug-17,8,1.76
10-Aug-17,8,1.77
11-Aug-17,8,1.73
14-Aug-17,8,1.75
15-Aug-17,8,1.77
16-Aug-17,8,1.78
17-Aug-17,8,1.78
18-Aug-17,8,1.76
21-Aug-17,8,1.78
22-Aug-17,8,1.79
23-Aug-17,8,1.81
24-Aug-17,8,1.79
25-Aug-17,8,1.8
28-Aug-17,8,1.83
29-Aug-17,8,1.81
30-Aug-17,8,1.84
31-Aug-17,8,1.85
1-Sep-17,9,1.82
4-Sep-17,9,1.8
5-Sep-17,9,1.85
6-Sep-17,9,1.81
7-Sep-17,9,1.84
8-Sep-17,9,1.83
11-Sep-17,9,1.84
12-Sep-17,9,1.84
13-Sep-17,9,1.86
14-Sep-17,9,1.89
15-Sep-17,9,1.92
18-Sep-17,9,1.96
19-Sep-17,9,1.97
20-Sep-17,9,1.98
21-Sep-17,9,1.96
22-Sep-17,9,1.94
25-Sep-17,9,1.94
26-Sep-17,9,1.93
27-Sep-17,9,1.93
28-Sep-17,9,1.96
29-Sep-17,9,1.94
2-Oct-17,10,1.97
3-Oct-17,10,1.95
4-Oct-17,10,1.93
5-Oct-17,10,1.9
6-Oct-17,10,1.92
9-Oct-17,10,1.91
10-Oct-17,10,1.93
11-Oct-17,10,1.94
12-Oct-17,10,1.94
13-Oct-17,10,1.92
16-Oct-17,10,1.9
17-Oct-17,10,1.91
18-Oct-17,10,1.89
19-Oct-17,10,1.93
20-Oct-17,10,1.94
23-Oct-17,10,1.95
24-Oct-17,10,1.93
25-Oct-17,10,1.88
26-Oct-17,10,1.87
27-Oct-17,10,1.87
30-Oct-17,10,1.85
31-Oct-17,10,1.82
1-Nov-17,11,1.84
2-Nov-17,11,1.82
3-Nov-17,11,1.77
6-Nov-17,11,1.78
7-Nov-17,11,1.79
8-Nov-17,11,1.8
9-Nov-17,11,1.8
10-Nov-17,11,1.8
13-Nov-17,11,1.8
14-Nov-17,11,1.84
15-Nov-17,11,1.79
16-Nov-17,11,1.8
17-Nov-17,11,1.79
20-Nov-17,11,1.78
21-Nov-17,11,1.78
22-Nov-17,11,1.79
23-Nov-17,11,1.78
24-Nov-17,11,1.78
27-Nov-17,11,1.78
28-Nov-17,11,1.76
29-Nov-17,11,1.73
30-Nov-17,11,1.75
1-Dec-17,12,1.78
4-Dec-17,12,1.8
5-Dec-17,12,1.86
6-Dec-17,12,1.8
7-Dec-17,12,1.79
8-Dec-17,12,1.82
11-Dec-17,12,1.84
12-Dec-17,12,1.84
13-Dec-17,12,1.86
14-Dec-17,12,1.93
15-Dec-17,12,1.91
18-Dec-17,12,1.93
19-Dec-17,12,1.95
20-Dec-17,12,1.97
21-Dec-17,12,2
22-Dec-17,12,2.02
27-Dec-17,12,2.03
28-Dec-17,12,2.03
29-Dec-17,12,2
2-Jan-18,1,2.01
3-Jan-18,1,2
4-Jan-18,1,1.97
5-Jan-18,1,1.91
8-Jan-18,1,1.92
9-Jan-18,1,1.94
10-Jan-18,1,1.96
11-Jan-18,1,1.98
12-Jan-18,1,1.96
15-Jan-18,1,1.98
16-Jan-18,1,1.99
17-Jan-18,1,2
18-Jan-18,1,1.99
19-Jan-18,1,2.02
22-Jan-18,1,2.02
23-Jan-18,1,2.01
24-Jan-18,1,2.01
25-Jan-18,1,2
29-Jan-18,1,2.01
30-Jan-18,1,2.02
31-Jan-18,1,1.96
1-Feb-18,2,1.94
2-Feb-18,2,1.95
5-Feb-18,2,2
6-Feb-18,2,1.96
7-Feb-18,2,1.94
8-Feb-18,2,1.96
9-Feb-18,2,1.93
12-Feb-18,2,1.95
13-Feb-18,2,1.95
14-Feb-18,2,1.95
15-Feb-18,2,1.97
16-Feb-18,2,1.99
19-Feb-18,2,1.99
20-Feb-18,2,2.01
21-Feb-18,2,1.98
22-Feb-18,2,1.97
23-Feb-18,2,1.95
26-Feb-18,2,1.93
27-Feb-18,2,1.93
28-Feb-18,2,1.97
1-Mar-18,3,1.95
2-Mar-18,3,1.94
5-Mar-18,3,1.95
6-Mar-18,3,1.99
7-Mar-18,3,1.97
8-Mar-18,3,1.97
9-Mar-18,3,1.99
12-Mar-18,3,2.02
13-Mar-18,3,2.01
14-Mar-18,3,1.97
15-Mar-18,3,1.95
16-Mar-18,3,1.96
19-Mar-18,3,1.97
20-Mar-18,3,1.98
21-Mar-18,3,2.01
22-Mar-18,3,2.05
23-Mar-18,3,2.02
26-Mar-18,3,2.04
27-Mar-18,3,2.03
28-Mar-18,3,1.97
29-Mar-18,3,2
3-Apr-18,4,2.03
4-Apr-18,4,2.06
5-Apr-18,4,2.04
6-Apr-18,4,2.02
9-Apr-18,4,2.02
10-Apr-18,4,2.04
11-Apr-18,4,2.03
12-Apr-18,4,2.03
13-Apr-18,4,2.08
16-Apr-18,4,2.1
17-Apr-18,4,2.12
18-Apr-18,4,2.12
19-Apr-18,4,2.11
20-Apr-18,4,2.1
23-Apr-18,4,2.13
24-Apr-18,4,2.11
26-Apr-18,4,2.11
27-Apr-18,4,2.09
30-Apr-18,4,2.05
1-May-18,5,2.05
2-May-18,5,2.06
3-May-18,5,2.05
4-May-18,5,2.03
7-May-18,5,2.02
8-May-18,5,2.02
9-May-18,5,2.02
10-May-18,5,2.02
11-May-18,5,2.02
14-May-18,5,2
15-May-18,5,2.05
16-May-18,5,2.06
17-May-18,5,2.07
18-May-18,5,2.06
21-May-18,5,2.05
22-May-18,5,2.05
23-May-18,5,2.05
24-May-18,5,2.04
25-May-18,5,2.02
28-May-18,5,2.01
29-May-18,5,2
30-May-18,5,1.99
31-May-18,5,1.99
1-Jun-18,6,2.03
4-Jun-18,6,2.07
5-Jun-18,6,2.06
6-Jun-18,6,2.09
7-Jun-18,6,2.12
8-Jun-18,6,2.07
12-Jun-18,6,2.09
13-Jun-18,6,2.08
14-Jun-18,6,2.05
15-Jun-18,6,2.03
18-Jun-18,6,2.02
19-Jun-18,6,2.02
20-Jun-18,6,2.06
21-Jun-18,6,2.07
22-Jun-18,6,2.04
25-Jun-18,6,2.04
26-Jun-18,6,2.04
27-Jun-18,6,2.02
28-Jun-18,6,2
29-Jun-18,6,2
2-Jul-18,7,1.97
3-Jul-18,7,1.98
4-Jul-18,7,1.98
5-Jul-18,7,1.98
6-Jul-18,7,2
9-Jul-18,7,2
10-Jul-18,7,2.03
11-Jul-18,7,1.99
12-Jul-18,7,2
13-Jul-18,7,2.02
16-Jul-18,7,2.02
17-Jul-18,7,2.04
18-Jul-18,7,2.04
19-Jul-18,7,2.07
20-Jul-18,7,2.05
23-Jul-18,7,2.07
24-Jul-18,7,2.09
25-Jul-18,7,2.06
26-Jul-18,7,2.04
27-Jul-18,7,2.02
30-Jul-18,7,2.03
31-Jul-18,7,2.04
1-Aug-18,8,2.05
2-Aug-18,8,2.07
3-Aug-18,8,2.07
6-Aug-18,8,2.06
7-Aug-18,8,2.04
8-Aug-18,8,2.04
9-Aug-18,8,2.02
10-Aug-18,8,1.98
13-Aug-18,8,1.99
14-Aug-18,8,1.98
15-Aug-18,8,1.99
16-Aug-18,8,1.98
17-Aug-18,8,1.98
20-Aug-18,8,1.98
21-Aug-18,8,2
22-Aug-18,8,1.99
23-Aug-18,8,1.97
24-Aug-18,8,1.98
27-Aug-18,8,1.99
28-Aug-18,8,1.99
29-Aug-18,8,1.96
30-Aug-18,8,1.98
31-Aug-18,8,1.96
3-Sep-18,9,1.96
4-Sep-18,9,1.98
5-Sep-18,9,2
6-Sep-18,9,1.99
7-Sep-18,9,1.98
10-Sep-18,9,1.99
11-Sep-18,9,2
12-Sep-18,9,1.99
13-Sep-18,9,2.02
14-Sep-18,9,2.01
17-Sep-18,9,2.02
18-Sep-18,9,2.05
19-Sep-18,9,2.1
20-Sep-18,9,2.1
21-Sep-18,9,2.08
24-Sep-18,9,2.08
25-Sep-18,9,2.09
26-Sep-18,9,2.07
27-Sep-18,9,2.04
28-Sep-18,9,2.02
1-Oct-18,10,2
2-Oct-18,10,1.99
3-Oct-18,10,1.96
4-Oct-18,10,1.98
5-Oct-18,10,1.98
8-Oct-18,10,2.01
9-Oct-18,10,2.03
10-Oct-18,10,2.03
11-Oct-18,10,2.02
12-Oct-18,10,2.04
15-Oct-18,10,2.03
16-Oct-18,10,2.03
17-Oct-18,10,2.02
18-Oct-18,10,2.04
19-Oct-18,10,2.02
22-Oct-18,10,2.02
23-Oct-18,10,2.01
24-Oct-18,10,2
25-Oct-18,10,1.98
26-Oct-18,10,1.99
29-Oct-18,10,1.97
30-Oct-18,10,1.96
31-Oct-18,10,1.97
1-Nov-18,11,2
2-Nov-18,11,2.02
5-Nov-18,11,2.05
6-Nov-18,11,2.04
7-Nov-18,11,2.04
8-Nov-18,11,2.07
9-Nov-18,11,2.08
12-Nov-18,11,2.08
13-Nov-18,11,2.07
14-Nov-18,11,2.05
15-Nov-18,11,2.08
16-Nov-18,11,2.06
19-Nov-18,11,2.04
20-Nov-18,11,2.06
21-Nov-18,11,2.05
22-Nov-18,11,2.04
23-Nov-18,11,2.03
26-Nov-18,11,2.02
27-Nov-18,11,2.02
28-Nov-18,11,2.02
29-Nov-18,11,2.01
30-Nov-18,11,2
3-Dec-18,12,2
4-Dec-18,12,1.98
5-Dec-18,12,1.96
6-Dec-18,12,1.93
7-Dec-18,12,1.92
10-Dec-18,12,1.92
11-Dec-18,12,1.95
12-Dec-18,12,1.95
13-Dec-18,12,1.99
14-Dec-18,12,1.98
17-Dec-18,12,1.97
18-Dec-18,12,1.95
19-Dec-18,12,1.95
20-Dec-18,12,1.93
21-Dec-18,12,1.97
24-Dec-18,12,1.94
27-Dec-18,12,1.95
28-Dec-18,12,1.93
31-Dec-18,12,1.89
2-Jan-19,1,1.85
3-Jan-19,1,1.79
4-Jan-19,1,1.84
7-Jan-19,1,1.85
8-Jan-19,1,1.87
9-Jan-19,1,1.89
10-Jan-19,1,1.87
11-Jan-19,1,1.87
14-Jan-19,1,1.85
15-Jan-19,1,1.86
16-Jan-19,1,1.85
17-Jan-19,1,1.85
18-Jan-19,1,1.87
21-Jan-19,1,1.88
22-Jan-19,1,1.87
23-Jan-19,1,1.86
24-Jan-19,1,1.83
25-Jan-19,1,1.79
29-Jan-19,1,1.8
30-Jan-19,1,1.83
31-Jan-19,1,1.82
1-Feb-19,2,1.81
4-Feb-19,2,1.82
5-Feb-19,2,1.83
6-Feb-19,2,1.75
7-Feb-19,2,1.73
8-Feb-19,2,1.69
11-Feb-19,2,1.7
12-Feb-19,2,1.73
13-Feb-19,2,1.76
14-Feb-19,2,1.76
15-Feb-19,2,1.74
18-Feb-19,2,1.76
19-Feb-19,2,1.76
20-Feb-19,2,1.72
21-Feb-19,2,1.66
22-Feb-19,2,1.71
25-Feb-19,2,1.72
26-Feb-19,2,1.72
27-Feb-19,2,1.7
28-Feb-19,2,1.7
1-Mar-19,3,1.73
4-Mar-19,3,1.75
5-Mar-19,3,1.73
6-Mar-19,3,1.67
7-Mar-19,3,1.68
8-Mar-19,3,1.66
11-Mar-19,3,1.66
12-Mar-19,3,1.67
13-Mar-19,3,1.6
14-Mar-19,3,1.59
15-Mar-19,3,1.6
18-Mar-19,3,1.61
19-Mar-19,3,1.57
20-Mar-19,3,1.55
21-Mar-19,3,1.54
22-Mar-19,3,1.51
25-Mar-19,3,1.48
26-Mar-19,3,1.52
27-Mar-19,3,1.49
28-Mar-19,3,1.47
29-Mar-19,3,1.47
1-Apr-19,4,1.49
2-Apr-19,4,1.45
3-Apr-19,4,1.46
4-Apr-19,4,1.5
5-Apr-19,4,1.51
8-Apr-19,4,1.48
9-Apr-19,4,1.49
10-Apr-19,4,1.49
11-Apr-19,4,1.49
12-Apr-19,4,1.5
15-Apr-19,4,1.53
16-Apr-19,4,1.51
17-Apr-19,4,1.51
18-Apr-19,4,1.52
23-Apr-19,4,1.48
24-Apr-19,4,1.33
26-Apr-19,4,1.35
29-Apr-19,4,1.35
30-Apr-19,4,1.33
1-May-19,5,1.32
2-May-19,5,1.32
3-May-19,5,1.32
6-May-19,5,1.28
7-May-19,5,1.37
8-May-19,5,1.33
9-May-19,5,1.31
10-May-19,5,1.32
13-May-19,5,1.31
14-May-19,5,1.28
15-May-19,5,1.28
16-May-19,5,1.22
17-May-19,5,1.21
20-May-19,5,1.26
21-May-19,5,1.2
22-May-19,5,1.2
23-May-19,5,1.15
24-May-19,5,1.11
27-May-19,5,1.14
28-May-19,5,1.13
29-May-19,5,1.11
30-May-19,5,1.14
31-May-19,5,1.12
3-Jun-19,6,1.13
4-Jun-19,6,1.12
5-Jun-19,6,1.09
6-Jun-19,6,1.07
7-Jun-19,6,1.08
11-Jun-19,6,1.07
12-Jun-19,6,1.05
13-Jun-19,6,1.01
14-Jun-19,6,1
17-Jun-19,6,1.03
18-Jun-19,6,1.01
19-Jun-19,6,0.98
20-Jun-19,6,0.94
21-Jun-19,6,0.91
24-Jun-19,6,0.92
25-Jun-19,6,0.9
26-Jun-19,6,0.94
27-Jun-19,6,0.98
28-Jun-19,6,0.98
1-Jul-19,7,0.98
2-Jul-19,7,0.97
3-Jul-19,7,0.93
4-Jul-19,7,0.93
5-Jul-19,7,0.94
8-Jul-19,7,0.97
9-Jul-19,7,0.96
10-Jul-19,7,0.99
11-Jul-19,7,0.95
12-Jul-19,7,0.99
15-Jul-19,7,1
16-Jul-19,7,0.96
17-Jul-19,7,0.95
18-Jul-19,7,0.94
19-Jul-19,7,0.96
22-Jul-19,7,0.95
23-Jul-19,7,0.95
24-Jul-19,7,0.91
25-Jul-19,7,0.87
26-Jul-19,7,0.87
29-Jul-19,7,0.85
30-Jul-19,7,0.84
31-Jul-19,7,0.84
1-Aug-19,8,0.86
2-Aug-19,8,0.79
5-Aug-19,8,0.72
6-Aug-19,8,0.75
7-Aug-19,8,0.71
8-Aug-19,8,0.74
9-Aug-19,8,0.72
12-Aug-19,8,0.71
13-Aug-19,8,0.71
14-Aug-19,8,0.72
15-Aug-19,8,0.72
16-Aug-19,8,0.72
19-Aug-19,8,0.73
20-Aug-19,8,0.73
21-Aug-19,8,0.72
22-Aug-19,8,0.72
23-Aug-19,8,0.75
26-Aug-19,8,0.7
27-Aug-19,8,0.73
28-Aug-19,8,0.72
29-Aug-19,8,0.71
30-Aug-19,8,0.71
2-Sep-19,9,0.73
3-Sep-19,9,0.73
4-Sep-19,9,0.76
5-Sep-19,9,0.79
6-Sep-19,9,0.85
9-Sep-19,9,0.85
10-Sep-19,9,0.86
11-Sep-19,9,0.9
12-Sep-19,9,0.9
13-Sep-19,9,0.91
16-Sep-19,9,0.93
17-Sep-19,9,0.87
18-Sep-19,9,0.87
19-Sep-19,9,0.79
20-Sep-19,9,0.76
23-Sep-19,9,0.76
24-Sep-19,9,0.74
25-Sep-19,9,0.73
26-Sep-19,9,0.73
27-Sep-19,9,0.73
30-Sep-19,9,0.76
1-Oct-19,10,0.68
2-Oct-19,10,0.65
3-Oct-19,10,0.63
4-Oct-19,10,0.62
7-Oct-19,10,0.59
8-Oct-19,10,0.62
9-Oct-19,10,0.62
10-Oct-19,10,0.62
11-Oct-19,10,0.69
14-Oct-19,10,0.71
15-Oct-19,10,0.7
16-Oct-19,10,0.71
17-Oct-19,10,0.76
18-Oct-19,10,0.77
21-Oct-19,10,0.79
22-Oct-19,10,0.79
23-Oct-19,10,0.76
24-Oct-19,10,0.74
25-Oct-19,10,0.74
28-Oct-19,10,0.76
29-Oct-19,10,0.82
30-Oct-19,10,0.8
31-Oct-19,10,0.83
1-Nov-19,11,0.81
4-Nov-19,11,0.85
5-Nov-19,11,0.88
6-Nov-19,11,0.9
7-Nov-19,11,0.86
8-Nov-19,11,0.89
11-Nov-19,11,0.87
12-Nov-19,11,0.85
13-Nov-19,11,0.84
14-Nov-19,11,0.77
15-Nov-19,11,0.78
18-Nov-19,11,0.78
19-Nov-19,11,0.76
20-Nov-19,11,0.75
21-Nov-19,11,0.76
22-Nov-19,11,0.76
25-Nov-19,11,0.77
26-Nov-19,11,0.77
27-Nov-19,11,0.68
28-Nov-19,11,0.66
29-Nov-19,11,0.68
2-Dec-19,12,0.71
3-Dec-19,12,0.79
4-Dec-19,12,0.71
5-Dec-19,12,0.72
6-Dec-19,12,0.73
9-Dec-19,12,0.75
10-Dec-19,12,0.73
11-Dec-19,12,0.76
12-Dec-19,12,0.74
13-Dec-19,12,0.82
16-Dec-19,12,0.77
17-Dec-19,12,0.75
18-Dec-19,12,0.78
19-Dec-19,12,0.84
20-Dec-19,12,0.88
23-Dec-19,12,0.89
24-Dec-19,12,0.9
27-Dec-19,12,0.91
30-Dec-19,12,0.9
31-Dec-19,12,0.92
2-Jan-20,1,0.88
3-Jan-20,1,0.83
6-Jan-20,1,0.8
7-Jan-20,1,0.8
8-Jan-20,1,0.78
9-Jan-20,1,0.81
10-Jan-20,1,0.82
13-Jan-20,1,0.8
14-Jan-20,1,0.82
15-Jan-20,1,0.81
16-Jan-20,1,0.78
17-Jan-20,1,0.77
20-Jan-20,1,0.76
21-Jan-20,1,0.75
22-Jan-20,1,0.72
23-Jan-20,1,0.74
24-Jan-20,1,0.75
28-Jan-20,1,0.67
29-Jan-20,1,0.7
30-Jan-20,1,0.65
31-Jan-20,1,0.65
3-Feb-20,2,0.63
4-Feb-20,2,0.65
5-Feb-20,2,0.74
6-Feb-20,2,0.79
7-Feb-20,2,0.75
10-Feb-20,2,0.73
11-Feb-20,2,0.74
12-Feb-20,2,0.77
13-Feb-20,2,0.76
14-Feb-20,2,0.75
17-Feb-20,2,0.76
18-Feb-20,2,0.75
19-Feb-20,2,0.75
20-Feb-20,2,0.7
21-Feb-20,2,0.66
24-Feb-20,2,0.65
25-Feb-20,2,0.66
26-Feb-20,2,0.64
27-Feb-20,2,0.6
28-Feb-20,2,0.53
2-Mar-20,3,0.47
3-Mar-20,3,0.46
4-Mar-20,3,0.39
5-Mar-20,3,0.43
6-Mar-20,3,0.39
9-Mar-20,3,0.42
10-Mar-20,3,0.5
11-Mar-20,3,0.42
12-Mar-20,3,0.45
13-Mar-20,3,0.59
16-Mar-20,3,0.53
17-Mar-20,3,0.54
18-Mar-20,3,0.51
19-Mar-20,3,0.36
20-Mar-20,3,0.28
23-Mar-20,3,0.3
24-Mar-20,3,0.3
25-Mar-20,3,0.3
26-Mar-20,3,0.26
27-Mar-20,3,0.26
30-Mar-20,3,0.26
31-Mar-20,3,0.24
1-Apr-20,4,0.21
2-Apr-20,4,0.22
3-Apr-20,4,0.22
6-Apr-20,4,0.22
7-Apr-20,4,0.23
8-Apr-20,4,0.22
9-Apr-20,4,0.24
14-Apr-20,4,0.23
15-Apr-20,4,0.24
16-Apr-20,4,0.22
17-Apr-20,4,0.23
20-Apr-20,4,0.23
21-Apr-20,4,0.23
22-Apr-20,4,0.23
23-Apr-20,4,0.23
24-Apr-20,4,0.24
27-Apr-20,4,0.23
28-Apr-20,4,0.23
29-Apr-20,4,0.23
30-Apr-20,4,0.22
1-May-20,5,0.22
4-May-20,5,0.22
5-May-20,5,0.22
6-May-20,5,0.23
7-May-20,5,0.23
8-May-20,5,0.22
11-May-20,5,0.22
12-May-20,5,0.23
13-May-20,5,0.24
14-May-20,5,0.25
15-May-20,5,0.26
18-May-20,5,0.26
19-May-20,5,0.27
20-May-20,5,0.26
21-May-20,5,0.26
22-May-20,5,0.26
25-May-20,5,0.26
26-May-20,5,0.27
27-May-20,5,0.26
28-May-20,5,0.27
29-May-20,5,0.27
1-Jun-20,6,0.27
2-Jun-20,6,0.27
3-Jun-20,6,0.28
4-Jun-20,6,0.29
5-Jun-20,6,0.29
9-Jun-20,6,0.28
10-Jun-20,6,0.29
11-Jun-20,6,0.27
12-Jun-20,6,0.27
15-Jun-20,6,0.26
16-Jun-20,6,0.26
17-Jun-20,6,0.27
18-Jun-20,6,0.26
19-Jun-20,6,0.26
22-Jun-20,6,0.26
23-Jun-20,6,0.26
24-Jun-20,6,0.25
25-Jun-20,6,0.25
26-Jun-20,6,0.25
29-Jun-20,6,0.25
30-Jun-20,6,0.25
1-Jul-20,7,0.26
2-Jul-20,7,0.25
3-Jul-20,7,0.25
6-Jul-20,7,0.26
7-Jul-20,7,0.25
8-Jul-20,7,0.25
9-Jul-20,7,0.25
10-Jul-20,7,0.25
13-Jul-20,7,0.26
14-Jul-20,7,0.27
15-Jul-20,7,0.27
16-Jul-20,7,0.26
17-Jul-20,7,0.27
20-Jul-20,7,0.26
21-Jul-20,7,0.26
22-Jul-20,7,0.28
23-Jul-20,7,0.27
24-Jul-20,7,0.27
27-Jul-20,7,0.28
28-Jul-20,7,0.27
29-Jul-20,7,0.27
30-Jul-20,7,0.27
31-Jul-20,7,0.27
4-Aug-20,8,0.26
5-Aug-20,8,0.26
6-Aug-20,8,0.26
7-Aug-20,8,0.26
10-Aug-20,8,0.26
11-Aug-20,8,0.26
12-Aug-20,8,0.26
13-Aug-20,8,0.27
14-Aug-20,8,0.27
17-Aug-20,8,0.27
18-Aug-20,8,0.27
19-Aug-20,8,0.27
20-Aug-20,8,0.26
21-Aug-20,8,0.26
24-Aug-20,8,0.27
25-Aug-20,8,0.25
26-Aug-20,8,0.26
27-Aug-20,8,0.25
28-Aug-20,8,0.26
31-Aug-20,8,0.26
1-Sep-20,9,0.25
2-Sep-20,9,0.26
3-Sep-20,9,0.25
4-Sep-20,9,0.25
7-Sep-20,9,0.26
8-Sep-20,9,0.26
9-Sep-20,9,0.25
10-Sep-20,9,0.24
11-Sep-20,9,0.24
14-Sep-20,9,0.22
15-Sep-20,9,0.21
16-Sep-20,9,0.21
17-Sep-20,9,0.19
18-Sep-20,9,0.2
21-Sep-20,9,0.19
22-Sep-20,9,0.18
23-Sep-20,9,0.16
24-Sep-20,9,0.16
25-Sep-20,9,0.16
28-Sep-20,9,0.15
29-Sep-20,9,0.16
30-Sep-20,9,0.16
1-Oct-20,10,0.17
2-Oct-20,10,0.17
6-Oct-20,10,0.17
7-Oct-20,10,0.14
8-Oct-20,10,0.14
9-Oct-20,10,0.14
12-Oct-20,10,0.14
13-Oct-20,10,0.14
14-Oct-20,10,0.15
15-Oct-20,10,0.14
16-Oct-20,10,0.14
19-Oct-20,10,0.15
20-Oct-20,10,0.13
21-Oct-20,10,0.12
22-Oct-20,10,0.12
23-Oct-20,10,0.12
26-Oct-20,10,0.11
27-Oct-20,10,0.11
28-Oct-20,10,0.11
29-Oct-20,10,0.11
30-Oct-20,10,0.11
2-Nov-20,11,0.11
3-Nov-20,11,0.09
4-Nov-20,11,0.1
5-Nov-20,11,0.1
6-Nov-20,11,0.1
9-Nov-20,11,0.09
10-Nov-20,11,0.1
11-Nov-20,11,0.11
12-Nov-20,11,0.1
13-Nov-20,11,0.1
16-Nov-20,11,0.1
17-Nov-20,11,0.1
18-Nov-20,11,0.1
19-Nov-20,11,0.09
20-Nov-20,11,0.09
23-Nov-20,11,0.09
24-Nov-20,11,0.09
25-Nov-20,11,0.09
26-Nov-20,11,0.09
27-Nov-20,11,0.09
30-Nov-20,11,0.09
1-Dec-20,12,0.09
2-Dec-20,12,0.1
3-Dec-20,12,0.1
4-Dec-20,12,0.1
7-Dec-20,12,0.1
8-Dec-20,12,0.1
9-Dec-20,12,0.1
10-Dec-20,12,0.09
11-Dec-20,12,0.09
14-Dec-20,12,0.11
15-Dec-20,12,0.1
16-Dec-20,12,0.1
17-Dec-20,12,0.1
18-Dec-20,12,0.11
21-Dec-20,12,0.09
22-Dec-20,12,0.09
23-Dec-20,12,0.09
24-Dec-20,12,0.08
29-Dec-20,12,0.08
30-Dec-20,12,0.08
31-Dec-20,12,0.08
4-Jan-21,1,0.08
5-Jan-21,1,0.07
6-Jan-21,1,0.07
7-Jan-21,1,0.08
8-Jan-21,1,0.08
11-Jan-21,1,0.08
12-Jan-21,1,0.08
13-Jan-21,1,0.08
14-Jan-21,1,0.08
15-Jan-21,1,0.08
18-Jan-21,1,0.08
19-Jan-21,1,0.08
20-Jan-21,1,0.08
21-Jan-21,1,0.08
22-Jan-21,1,0.08
25-Jan-21,1,0.08
27-Jan-21,1,0.09
28-Jan-21,1,0.09
29-Jan-21,1,0.09
1-Feb-21,2,0.09
2-Feb-21,2,0.09
3-Feb-21,2,0.09
4-Feb-21,2,0.1
5-Feb-21,2,0.09
8-Feb-21,2,0.09
9-Feb-21,2,0.09
10-Feb-21,2,0.09
11-Feb-21,2,0.09
12-Feb-21,2,0.09
15-Feb-21,2,0.09
16-Feb-21,2,0.09
17-Feb-21,2,0.1
18-Feb-21,2,0.11
19-Feb-21,2,0.12
22-Feb-21,2,0.12
23-Feb-21,2,0.12
24-Feb-21,2,0.12
25-Feb-21,2,0.11
26-Feb-21,2,0.11
1-Mar-21,3,0.11
2-Mar-21,3,0.1
3-Mar-21,3,0.11
4-Mar-21,3,0.12
5-Mar-21,3,0.12
8-Mar-21,3,0.13
9-Mar-21,3,0.11
10-Mar-21,3,0.1
11-Mar-21,3,0.09
12-Mar-21,3,0.09
15-Mar-21,3,0.09
16-Mar-21,3,0.08
17-Mar-21,3,0.08
18-Mar-21,3,0.09
19-Mar-21,3,0.09
22-Mar-21,3,0.08
23-Mar-21,3,0.08
24-Mar-21,3,0.08
25-Mar-21,3,0.07
26-Mar-21,3,0.07
29-Mar-21,3,0.08
30-Mar-21,3,0.07
31-Mar-21,3,0.08
1-Apr-21,4,0.08
6-Apr-21,4,0.08
7-Apr-21,4,0.08
8-Apr-21,4,0.08
9-Apr-21,4,0.07
12-Apr-21,4,0.07
13-Apr-21,4,0.07
14-Apr-21,4,0.07
15-Apr-21,4,0.08
16-Apr-21,4,0.07
19-Apr-21,4,0.07
20-Apr-21,4,0.07
21-Apr-21,4,0.07
22-Apr-21,4,0.07
23-Apr-21,4,0.07
26-Apr-21,4,0.07
27-Apr-21,4,0.07
28-Apr-21,4,0.07
29-Apr-21,4,0.07
30-Apr-21,4,0.07
3-May-21,5,0.08
4-May-21,5,0.08
5-May-21,5,0.09
6-May-21,5,0.09
7-May-21,5,0.09
10-May-21,5,0.08
11-May-21,5,0.08
12-May-21,5,0.08
13-May-21,5,0.08
14-May-21,5,0.08
17-May-21,5,0.08
18-May-21,5,0.07
19-May-21,5,0.07
20-May-21,5,0.07
21-May-21,5,0.07
24-May-21,5,0.07
25-May-21,5,0.07
26-May-21,5,0.06
27-May-21,5,0.06
28-May-21,5,0.06
31-May-21,5,0.05
1-Jun-21,6,0.05
2-Jun-21,6,0.05
3-Jun-21,6,0.03
4-Jun-21,6,0.04
7-Jun-21,6,0.05
8-Jun-21,6,0.05
9-Jun-21,6,0.04
10-Jun-21,6,0.01
11-Jun-21,6,-0.01
15-Jun-21,6,0
16-Jun-21,6,0.01
17-Jun-21,6,0.02
18-Jun-21,6,0.06
21-Jun-21,6,0.09
22-Jun-21,6,0.08
23-Jun-21,6,0.08
24-Jun-21,6,0.07
25-Jun-21,6,0.07
28-Jun-21,6,0.07
29-Jun-21,6,0.07
30-Jun-21,6,0.06
1-Jul-21,7,0.06
2-Jul-21,7,0.05
5-Jul-21,7,0.06
6-Jul-21,7,0.07
7-Jul-21,7,0.06
8-Jul-21,7,0.06
9-Jul-21,7,0.07
12-Jul-21,7,0.05
13-Jul-21,7,0.06
14-Jul-21,7,0.04
15-Jul-21,7,0.04
16-Jul-21,7,0.04
19-Jul-21,7,0.04
20-Jul-21,7,0.03
21-Jul-21,7,0.03
22-Jul-21,7,0.03
23-Jul-21,7,0.03
26-Jul-21,7,0.03
27-Jul-21,7,0.03
28-Jul-21,7,0.02
29-Jul-21,7,0.01
30-Jul-21,7,0.02
3-Aug-21,8,0.02
4-Aug-21,8,0.02
5-Aug-21,8,0.03
6-Aug-21,8,0.04
9-Aug-21,8,0.04